id,value
id_0,11.16253667499165
id_1,19.319727679201925
id_2,15.288878418480714
id_3,8.806914775570675
id_4,29.943298385609044
id_5,21.32518831054282
